{"name":"a0c2499b-4ee7-48b7-af8a-75dbe18edcef","id":"/providers/Microsoft.Flow/flows/a0c2499b-4ee7-48b7-af8a-75dbe18edcef","type":"Microsoft.Flow/flows","properties":{"apiId":"/providers/Microsoft.PowerApps/apis/shared_logicflows","displayName":"SharePoint Recycling Bin HTTP request","definition":{"metadata":{"workflowEntityId":null,"processAdvisorMetadata":null,"flowChargedByPaygo":null,"flowclientsuspensionreason":"None","flowclientsuspensiontime":null,"flowclientsuspensionreasondetails":null,"creator":{"id":"f3c9e843-adfb-46d2-95de-2485a5f6c57e","type":"User","tenantId":"8331b18d-2d87-48ef-a35f-ac8818ebf9b4"},"provisioningMethod":"FromDefinition","failureAlertSubscription":true,"clientLastModifiedTime":"2025-06-02T18:03:19.4794437Z","connectionKeySavedTimeKey":"2025-06-02T18:03:19.4794437Z","creationSource":null},"$schema":"https://schema.management.azure.com/providers/Microsoft.Logic/schemas/2016-06-01/workflowdefinition.json#","contentVersion":"1.0.0.0","parameters":{"$authentication":{"defaultValue":{},"type":"SecureObject"},"$connections":{"defaultValue":{},"type":"Object"}},"triggers":{"manual":{"metadata":{"operationMetadataId":"d09fcae9-f2a7-42ab-85e6-9e32f0324639"},"type":"Request","kind":"Button","inputs":{"schema":{"type":"object","properties":{"boolean":{"title":"Yes/No","type":"boolean","x-ms-dynamically-added":true,"description":"No","x-ms-content-hint":"BOOLEAN"}},"required":["boolean"]}}}},"actions":{"Send_an_HTTP_request_to_SharePoint":{"runAfter":{"Convert_time_zone":["Succeeded"]},"metadata":{"operationMetadataId":"678fc8de-07f6-4620-972a-bb337a264d2d"},"type":"OpenApiConnection","inputs":{"parameters":{"dataset":"https://usaf.dps.mil/sites/744cs/development/DevSiteJason","parameters/method":"GET","parameters/uri":"/_api/web/RecycleBin?$filter=DeletedDate gt datetime'@{body('Convert_time_zone')}'&$Select=DeletedDate,Title,DeletedByName,DirName","parameters/headers":{"accept":"application/json;odata.metadata=none","odata-version":"4.0"}},"host":{"apiId":"/providers/Microsoft.PowerApps/apis/shared_sharepointonline","connectionName":"shared_sharepointonline","operationId":"HttpRequest"},"authentication":"@parameters('$authentication')"}},"Get_past_time":{"runAfter":{},"metadata":{"operationMetadataId":"4a732054-923b-4938-a830-6ae8220bed60"},"type":"Expression","kind":"GetPastTime","inputs":{"interval":7,"timeUnit":"Day"}},"Convert_time_zone":{"runAfter":{"Get_past_time":["Succeeded"]},"metadata":{"operationMetadataId":"61bec0b1-7192-4c08-9fdc-a18e2781bb3a"},"type":"Expression","kind":"ConvertTimeZone","inputs":{"baseTime":"@body('Get_past_time')","sourceTimeZone":"UTC","destinationTimeZone":"Eastern Standard Time","formatString":"s"}},"Parse_JSON_3":{"runAfter":{"Send_an_HTTP_request_to_SharePoint":["Succeeded"]},"metadata":{"operationMetadataId":"3bd44513-0201-4734-977f-d8e2fff02357"},"type":"ParseJson","inputs":{"content":"@body('Send_an_HTTP_request_to_SharePoint')","schema":{"type":"object","properties":{"value":{"type":"array","items":{"type":"object","properties":{"DeletedByName":{"type":"string"},"DeletedDate":{"type":"string"},"DirName":{"type":"string"},"Title":{"type":"string"}},"required":["DeletedByName","DeletedDate","DirName","Title"]}}}}}},"Terminate":{"runAfter":{"Send_an_email_(V2)_2":["Succeeded"]},"metadata":{"operationMetadataId":"2441795c-4726-4f50-8e46-260aa36e6404"},"type":"Terminate","inputs":{"runStatus":"Succeeded"}},"Send_an_email_(V2)_2":{"runAfter":{"Apply_to_each":["Succeeded"]},"metadata":{"operationMetadataId":"debebe3a-3cf9-4e37-b3f5-4f88a415722e"},"type":"OpenApiConnection","inputs":{"parameters":{"emailMessage/To":"jason.brown.182.ctr@us.af.mil","emailMessage/Subject":"TEST","emailMessage/Body":"<p>See below for deleted items:<br>\n<br>\n@{variables('EmailBody')}</p>","emailMessage/Importance":"Normal"},"host":{"apiId":"/providers/Microsoft.PowerApps/apis/shared_office365","connectionName":"shared_office365","operationId":"SendEmailV2"},"authentication":{"value":"@json(decodeBase64(triggerOutputs().headers['X-MS-APIM-Tokens']))['$ConnectionKey']","type":"Raw"}}},"Initialize_variable_2":{"runAfter":{"Parse_JSON_3":["Succeeded"]},"metadata":{"operationMetadataId":"9504551e-819d-487b-98f8-a27018700471"},"type":"InitializeVariable","inputs":{"variables":[{"name":"EmailBody","type":"string"}]}},"Apply_to_each":{"foreach":"@body('Parse_JSON_3')?['value']","actions":{"Append_to_string_variable":{"metadata":{"operationMetadataId":"78d0b739-5322-4cda-a111-a29d1a4795b6"},"type":"AppendToStringVariable","inputs":{"name":"EmailBody","value":"@{concat('<b>Deleted By:</b> ', items('Apply_to_Each')['DeletedByName'],\r\n' <b>| Deleted Date:</b> ', items('Apply_to_Each')['DeletedDate'], ' <b>| Directory:</b> ', slice(items('Apply_to_Each')['DirName'], add(lastIndexOf(items('Apply_to_Each')['DirName'], '/'), 1), length(items('Apply_to_Each')['DirName'])), ' <b>| Title:</b> ', items('Apply_to_Each')['Title'], '<br><br>')\r\n}\n\n"}}},"runAfter":{"Initialize_variable_2":["Succeeded"]},"metadata":{"operationMetadataId":"5ff443ff-ffcb-4587-8704-a17a20f120a4"},"type":"Foreach"}},"outputs":{}},"connectionReferences":{"shared_sharepointonline":{"connectionName":"shared-sharepointonl-2b88fe68-61b8-4d3c-9840-0cc4aee1fc9f","source":"Embedded","id":"/providers/Microsoft.PowerApps/apis/shared_sharepointonline","tier":"NotSpecified","apiName":"sharepointonline"},"shared_office365":{"connectionName":"shared-office365-22cf380e-0aa3-4019-8873-ffcd83834d86","source":"Invoker","id":"/providers/Microsoft.PowerApps/apis/shared_office365","tier":"NotSpecified","apiName":"office365"}},"flowFailureAlertSubscribed":false,"isManaged":false}}