{"name":"753b4dcd-3cc9-4a0c-a971-083a59a7e9f1","id":"/providers/Microsoft.Flow/flows/753b4dcd-3cc9-4a0c-a971-083a59a7e9f1","type":"Microsoft.Flow/flows","properties":{"apiId":"/providers/Microsoft.PowerApps/apis/shared_logicflows","displayName":"UpdateTodaysDate2","definition":{"metadata":{"workflowEntityId":null,"processAdvisorMetadata":null,"flowChargedByPaygo":null,"flowclientsuspensionreason":"None","flowclientsuspensiontime":null,"flowclientsuspensionreasondetails":null,"creator":{"id":"f3c9e843-adfb-46d2-95de-2485a5f6c57e","type":"User","tenantId":"8331b18d-2d87-48ef-a35f-ac8818ebf9b4"},"provisioningMethod":"FromDefinition","failureAlertSubscription":true,"clientLastModifiedTime":"2025-05-27T15:40:32.9549468Z","connectionKeySavedTimeKey":"2025-05-27T15:40:32.9549468Z","creationSource":null},"$schema":"https://schema.management.azure.com/providers/Microsoft.Logic/schemas/2016-06-01/workflowdefinition.json#","contentVersion":"1.0.0.0","parameters":{"$connections":{"defaultValue":{},"type":"Object"},"$authentication":{"defaultValue":{},"type":"SecureObject"}},"triggers":{"Recurrence":{"recurrence":{"frequency":"Day","interval":1,"timeZone":"Eastern Standard Time","startTime":"2025-05-21T05:00:00Z"},"metadata":{"operationMetadataId":"7b979477-ffda-42c8-890a-3aa6fce1fe37"},"type":"Recurrence"}},"actions":{"Get_items":{"runAfter":{"Current_time":["Succeeded"]},"metadata":{"operationMetadataId":"373e774a-09c7-49b7-8e44-1b485167c215"},"type":"OpenApiConnection","inputs":{"host":{"apiId":"/providers/Microsoft.PowerApps/apis/shared_sharepointonline","connectionName":"shared_sharepointonline","operationId":"GetItems"},"parameters":{"dataset":"https://usaf.dps.mil/sites/744cs/development/DevSiteJason","table":"8803f2d9-9160-4150-8d64-0fd8c84f186b"},"authentication":"@parameters('$authentication')"}},"Current_time":{"runAfter":{},"metadata":{"operationMetadataId":"838ee729-7386-42be-b9b2-dcf3dd69373b"},"type":"Expression","kind":"CurrentTime","inputs":{}},"Apply_to_each":{"foreach":"@outputs('Get_items')?['body/value']","actions":{"Update_item":{"runAfter":{},"metadata":{"operationMetadataId":"730295cc-ea26-40dc-a149-d8711b2ede5a"},"type":"OpenApiConnection","inputs":{"host":{"apiId":"/providers/Microsoft.PowerApps/apis/shared_sharepointonline","connectionName":"shared_sharepointonline","operationId":"PatchItem"},"parameters":{"dataset":"https://usaf.dps.mil/sites/744cs/development/DevSiteJason","table":"8803f2d9-9160-4150-8d64-0fd8c84f186b","id":"@items('Apply_to_each')?['ID']","item/Date":"@items('Apply_to_each')?['Date']","item/Title":"@items('Apply_to_each')?['Title']","item/Status/Value":"@items('Apply_to_each')?['Status/Value']","item/Today":"@body('Current_time')","item/{ContentType}/Id":"@items('Apply_to_each')?['{ContentType}/Id']"},"authentication":"@parameters('$authentication')"}}},"runAfter":{"Get_items":["Succeeded"]},"metadata":{"operationMetadataId":"7bcdabe5-9743-4710-a64a-934b288b4525"},"type":"Foreach"}},"outputs":{}},"connectionReferences":{"shared_sharepointonline":{"connectionName":"shared-sharepointonl-2b88fe68-61b8-4d3c-9840-0cc4aee1fc9f","source":"Embedded","id":"/providers/Microsoft.PowerApps/apis/shared_sharepointonline","tier":"NotSpecified","apiName":"sharepointonline"}},"flowFailureAlertSubscribed":false,"isManaged":false}}