{"name":"993680c0-fbdf-49f1-a788-0e19189bb906","id":"/providers/Microsoft.Flow/flows/993680c0-fbdf-49f1-a788-0e19189bb906","type":"Microsoft.Flow/flows","properties":{"apiId":"/providers/Microsoft.PowerApps/apis/shared_logicflows","displayName":"Move-Delete_Backlog","definition":{"metadata":{"workflowEntityId":null,"processAdvisorMetadata":null,"flowChargedByPaygo":null,"flowclientsuspensionreason":"None","flowclientsuspensiontime":null,"flowclientsuspensionreasondetails":"","creator":{"id":"f3c9e843-adfb-46d2-95de-2485a5f6c57e","type":"User","tenantId":"8331b18d-2d87-48ef-a35f-ac8818ebf9b4"},"provisioningMethod":"FromDefinition","failureAlertSubscription":true,"clientLastModifiedTime":"2025-05-27T15:38:51.4082793Z","connectionKeySavedTimeKey":"2025-05-27T13:36:13.6811113Z","creationSource":null},"$schema":"https://schema.management.azure.com/providers/Microsoft.Logic/schemas/2016-06-01/workflowdefinition.json#","contentVersion":"1.0.0.0","parameters":{"$connections":{"defaultValue":{},"type":"Object"},"$authentication":{"defaultValue":{},"type":"SecureObject"}},"triggers":{"Recurrence":{"recurrence":{"frequency":"Week","interval":1,"timeZone":"Eastern Standard Time","startTime":"2025-05-22T12:35:00Z","schedule":{"weekDays":["Monday","Tuesday","Wednesday","Thursday","Friday","Saturday","Sunday"]}},"metadata":{"operationMetadataId":"67901d9d-ae55-485d-8519-c936a4763ecc"},"type":"Recurrence"}},"actions":{"GetMainItems":{"runAfter":{},"metadata":{"operationMetadataId":"7936682e-cd37-4db1-b764-77773527c12b"},"type":"OpenApiConnection","inputs":{"host":{"apiId":"/providers/Microsoft.PowerApps/apis/shared_sharepointonline","connectionName":"shared_sharepointonline","operationId":"GetItems"},"parameters":{"dataset":"https://usaf.dps.mil/sites/744cs/development/DevSiteJason","table":"8803f2d9-9160-4150-8d64-0fd8c84f186b","$filter":"Status eq 'Backlog'"},"authentication":"@parameters('$authentication')"}},"GetArchiveItems":{"runAfter":{"GetMainItems":["Succeeded"]},"metadata":{"operationMetadataId":"a3b692c6-d738-403e-88fd-203c3f855e8e"},"type":"OpenApiConnection","inputs":{"host":{"apiId":"/providers/Microsoft.PowerApps/apis/shared_sharepointonline","connectionName":"shared_sharepointonline","operationId":"GetItems"},"parameters":{"dataset":"https://usaf.dps.mil/sites/744cs/development/DevSiteJason","table":"07674b98-ffba-4e93-9d89-855e7e1b831f"},"authentication":"@parameters('$authentication')"}},"Select":{"runAfter":{"GetArchiveItems":["Succeeded"]},"metadata":{"operationMetadataId":"7a6813ce-fd03-4bb4-9c78-28d063cc277e"},"type":"Select","inputs":{"from":"@outputs('GetArchiveItems')?['body/value']","select":"@item()?['Title']"}},"Filter_array":{"runAfter":{"Select":["Succeeded"]},"metadata":{"operationMetadataId":"bbf97c65-63b8-4a1f-9077-e7faeda5a128"},"type":"Query","inputs":{"from":"@outputs('GetMainItems')?['body/value']","where":"@not(contains(body('Select'),item()?['Title']))"}},"For_each":{"foreach":"@body('Filter_array')","actions":{"Apply_to_each_2":{"foreach":"@outputs('GetMainItems')?['body/value']","actions":{"Create_item":{"runAfter":{},"metadata":{"operationMetadataId":"76f467a7-3149-472c-9a3a-debb9ef1af4e"},"type":"OpenApiConnection","inputs":{"host":{"apiId":"/providers/Microsoft.PowerApps/apis/shared_sharepointonline","connectionName":"shared_sharepointonline","operationId":"PostItem"},"parameters":{"dataset":"https://usaf.dps.mil/sites/744cs/development/DevSiteJason","table":"07674b98-ffba-4e93-9d89-855e7e1b831f","item/Date":"@items('Apply_to_each_2')?['Date']","item/Title":"@items('For_each')?['Title']","item/Status/Value":"Backlog"},"authentication":"@parameters('$authentication')"}}},"runAfter":{},"metadata":{"operationMetadataId":"4c7cc03e-1805-4cdd-8081-92f76911c41c"},"type":"Foreach"}},"runAfter":{"Filter_array":["Succeeded"]},"metadata":{"operationMetadataId":"f74a52cc-0e15-4ac3-9eca-892066aff7c0"},"type":"Foreach"},"For_each_1":{"foreach":"@outputs('GetMainItems')?['body/value']","actions":{"Delete_item":{"runAfter":{},"metadata":{"operationMetadataId":"b2ed1291-b376-418c-a476-8cd6ee5d72ef"},"type":"OpenApiConnection","inputs":{"host":{"apiId":"/providers/Microsoft.PowerApps/apis/shared_sharepointonline","connectionName":"shared_sharepointonline","operationId":"DeleteItem"},"parameters":{"dataset":"https://usaf.dps.mil/sites/744cs/development/DevSiteJason","table":"8803f2d9-9160-4150-8d64-0fd8c84f186b","id":"@items('For_each_1')?['ID']"},"authentication":"@parameters('$authentication')"}}},"runAfter":{"Terminate_CoverOriginal":["Succeeded"]},"metadata":{"operationMetadataId":"fefb6673-4f66-44d4-83b7-a7f947242570"},"type":"Foreach"},"GetArchiveItems2":{"runAfter":{"For_each":["Succeeded"]},"metadata":{"operationMetadataId":"9481ad7b-85b6-4ee8-9fcd-bfa46017fee4"},"type":"OpenApiConnection","inputs":{"host":{"apiId":"/providers/Microsoft.PowerApps/apis/shared_sharepointonline","connectionName":"shared_sharepointonline","operationId":"GetItems"},"parameters":{"dataset":"https://usaf.dps.mil/sites/744cs/development/DevSiteJason","table":"07674b98-ffba-4e93-9d89-855e7e1b831f"},"authentication":"@parameters('$authentication')"}},"Terminate_CoverOriginal":{"runAfter":{"Terminate_New":["Succeeded"]},"metadata":{"operationMetadataId":"eb11b690-57c4-4205-8411-17289904272c"},"type":"Terminate","inputs":{"runStatus":"Succeeded"}},"Apply_to_each":{"foreach":"@outputs('GetMainItems')?['body/value']","actions":{"Filter_array_2":{"runAfter":{},"metadata":{"operationMetadataId":"95638438-977d-42cf-9c90-f95b6f36785c"},"type":"Query","inputs":{"from":"@outputs('GetArchiveItems2')?['body/value']","where":"@contains(item()?['Title'], items('Apply_to_each')?['Title'])"}},"Delete_item_2":{"runAfter":{"Filter_array_2":["Succeeded"]},"metadata":{"operationMetadataId":"835f7283-96bb-4d8d-9ef5-5cf2faa3a386"},"type":"OpenApiConnection","inputs":{"host":{"apiId":"/providers/Microsoft.PowerApps/apis/shared_sharepointonline","connectionName":"shared_sharepointonline","operationId":"DeleteItem"},"parameters":{"dataset":"https://usaf.dps.mil/sites/744cs/development/DevSiteJason","table":"8803f2d9-9160-4150-8d64-0fd8c84f186b","id":"@items('Apply_to_each')?['ID']"},"authentication":"@parameters('$authentication')"}}},"runAfter":{"GetArchiveItems2":["Succeeded"]},"metadata":{"operationMetadataId":"bebbc58b-88bb-4a28-98fd-77c57feec7fa"},"type":"Foreach"},"Terminate_New":{"runAfter":{"Apply_to_each":["Succeeded"]},"metadata":{"operationMetadataId":"2971db7e-90b4-49f4-b39a-80f10afc9006"},"type":"Terminate","inputs":{"runStatus":"Succeeded"}}}},"connectionReferences":{"shared_sharepointonline":{"connectionName":"shared-sharepointonl-2b88fe68-61b8-4d3c-9840-0cc4aee1fc9f","source":"Embedded","id":"/providers/Microsoft.PowerApps/apis/shared_sharepointonline","tier":"NotSpecified","apiName":"sharepointonline"}},"flowFailureAlertSubscribed":false,"isManaged":false}}