{"name":"ecbea60e-bd7e-4710-a4fc-bcb1be8f9389","id":"/providers/Microsoft.Flow/flows/ecbea60e-bd7e-4710-a4fc-bcb1be8f9389","type":"Microsoft.Flow/flows","properties":{"apiId":"/providers/Microsoft.PowerApps/apis/shared_logicflows","displayName":"Test_DidMyReoccurenceWork","definition":{"metadata":{"workflowEntityId":null,"processAdvisorMetadata":null,"flowChargedByPaygo":null,"flowclientsuspensionreason":"None","flowclientsuspensiontime":null,"flowclientsuspensionreasondetails":null,"creator":{"id":"f3c9e843-adfb-46d2-95de-2485a5f6c57e","type":"User","tenantId":"8331b18d-2d87-48ef-a35f-ac8818ebf9b4"},"provisioningMethod":"FromDefinition","failureAlertSubscription":true,"clientLastModifiedTime":"2025-05-29T15:42:09.2040069Z","connectionKeySavedTimeKey":"2025-05-29T15:42:09.2040069Z","creationSource":null},"$schema":"https://schema.management.azure.com/providers/Microsoft.Logic/schemas/2016-06-01/workflowdefinition.json#","contentVersion":"1.0.0.0","parameters":{"$connections":{"defaultValue":{},"type":"Object"},"$authentication":{"defaultValue":{},"type":"SecureObject"}},"triggers":{"When_an_item_is_created":{"recurrence":{"frequency":"Minute","interval":5},"splitOn":"@triggerOutputs()?['body/value']","metadata":{"operationMetadataId":"b01d2de1-d6ea-4eba-8cd4-e13a80d58816"},"type":"OpenApiConnection","inputs":{"host":{"apiId":"/providers/Microsoft.PowerApps/apis/shared_sharepointonline","connectionName":"shared_sharepointonline","operationId":"GetOnNewItems"},"parameters":{"dataset":"https://usaf.dps.mil/sites/744cs/development/DevSiteJason","table":"07674b98-ffba-4e93-9d89-855e7e1b831f"},"authentication":"@parameters('$authentication')"}}},"actions":{"Get_my_profile_(V2)":{"runAfter":{},"metadata":{"operationMetadataId":"419fe360-0f4f-428b-96fe-5a3d96204e06"},"type":"OpenApiConnection","inputs":{"host":{"apiId":"/providers/Microsoft.PowerApps/apis/shared_office365users","connectionName":"shared_office365users","operationId":"MyProfile_V2"},"parameters":{},"authentication":"@parameters('$authentication')"}},"Send_an_email_(V2)":{"runAfter":{"Get_my_profile_(V2)":["Succeeded"]},"metadata":{"operationMetadataId":"5d5cbea1-4a73-453c-93c0-919fd5ccfb40"},"type":"OpenApiConnection","inputs":{"host":{"apiId":"/providers/Microsoft.PowerApps/apis/shared_office365","connectionName":"shared_office365","operationId":"SendEmailV2"},"parameters":{"emailMessage/To":"@outputs('Get_my_profile_(V2)')?['body/mail']","emailMessage/Subject":"@{triggerOutputs()?['body/Title']} was created in @{slice(triggerBody()?['{FullPath}'], add(indexOf(triggerBody()?['{FullPath}'],'/'),1), lastIndexOf(triggerBody()?['{FullPath}'],'/'))}","emailMessage/Body":"<p>Hello @{concat(slice(outputs('Get_my_profile_(V2)')?['body/givenName'],0,1),toLower(substring(outputs('Get_my_profile_(V2)')?['body/givenName'],1,sub(length(outputs('Get_my_profile_(V2)')?['body/givenName']),1))))},<br>\n<br>\n@{triggerOutputs()?['body/Title']} with status of @{triggerOutputs()?['body/Status/Value']} was added by <i>@{triggerOutputs()?['body/Author/DisplayName']}</i>.<br>\n<br>\nClick on the <a href=@{triggerOutputs()?['body/{Link}']}>@{triggerOutputs()?['body/Title']}</a> to see the item created.<br>\n<br>\nThanks,<br>\nSharePoint Team</p>","emailMessage/Importance":"High"},"authentication":"@parameters('$authentication')"}},"Compose":{"runAfter":{"Send_an_email_(V2)":["Succeeded"]},"metadata":{"operationMetadataId":"529ee2d5-5da4-429a-80b1-9a24106f913d"},"type":"Compose","inputs":"@triggerOutputs()?['body/{Link}']"}}},"connectionReferences":{"shared_office365users":{"connectionName":"shared-office365user-4167fcbd-888f-490a-ae3c-dae56b7a10cf","source":"Embedded","id":"/providers/Microsoft.PowerApps/apis/shared_office365users","tier":"NotSpecified","apiName":"office365users"},"shared_office365":{"connectionName":"shared-office365-22cf380e-0aa3-4019-8873-ffcd83834d86","source":"Embedded","id":"/providers/Microsoft.PowerApps/apis/shared_office365","tier":"NotSpecified","apiName":"office365"},"shared_sharepointonline":{"connectionName":"shared-sharepointonl-2b88fe68-61b8-4d3c-9840-0cc4aee1fc9f","source":"Embedded","id":"/providers/Microsoft.PowerApps/apis/shared_sharepointonline","tier":"NotSpecified","apiName":"sharepointonline"}},"flowFailureAlertSubscribed":false,"isManaged":false}}